Time,!x,!y,!z
0.,8,0,919
100.015017974,8,0,1816
200.024434685,6,0,2562
300.14317961,6,0,3282
400.233127064,6,0,3941
500.245602784,6,0,4535
